symbol,date,open,high,low,close,volume
RELIANCE,2024-01-02,2662.63,2682.71,2648.33,2658.33,2617277
RELIANCE,2024-01-03,2658.08,2680.39,2650.27,2662.8,4284999
RELIANCE,2024-01-04,2655.31,2709.9,2637.76,2700.8,3880019
RELIANCE,2024-01-05,2693.93,2711.24,2678.11,2688.25,3713207
RELIANCE,2024-01-08,2686.93,2714.16,2665.05,2705.3,591830
RELIANCE,2024-01-09,2695.59,2725.61,2675.17,2717.28,1593530
RELIANCE,2024-01-10,2716.6,2740.93,2691.14,2711.86,1904591
RELIANCE,2024-01-11,2715.65,2769.28,2689.76,2744.09,1184512
RELIANCE,2024-01-12,2754.58,2779.94,2719.93,2740.86,4324942
RELIANCE,2024-01-15,2735.05,2787.67,2726.6,2768.34,2978196
RELIANCE,2024-01-16,2773.36,2788.86,2720.4,2743.37,2200561
RELIANCE,2024-01-17,2747.41,2796.64,2721.93,2775.41,583235
RELIANCE,2024-01-18,2783.55,2792.12,2753.35,2776.87,3864264
RELIANCE,2024-01-19,2776.09,2792.18,2759.54,2782.42,4292067
RELIANCE,2024-01-22,2772.26,2803.08,2765.92,2775.82,1861013
RELIANCE,2024-01-23,2775.52,2801.33,2723.74,2749.32,2451433
RELIANCE,2024-01-24,2753.56,2773.88,2744.18,2750.74,1122045
RELIANCE,2024-01-25,2740.66,2785.76,2714.03,2770.72,2517263
RELIANCE,2024-01-26,2772.26,2790.26,2722.4,2736.32,3005657
RELIANCE,2024-01-29,2732.5,2773.91,2720.91,2747.26,1897947
RELIANCE,2024-01-30,2748.26,2768.32,2726.2,2732.16,964791
RELIANCE,2024-01-31,2736.78,2755.39,2688.28,2703.77,3724522
RELIANCE,2024-02-01,2694.42,2731.13,2677.2,2717.13,3505841
RELIANCE,2024-02-02,2709.76,2729.92,2678.76,2689.74,724336
RELIANCE,2024-02-05,2696.45,2734.39,2675.07,2720.78,2583559
RELIANCE,2024-02-06,2722.21,2745.05,2662.63,2684.73,636168
RELIANCE,2024-02-07,2695.1,2713.85,2672.7,2705.74,1718101
RELIANCE,2024-02-08,2695.13,2714.33,2678.2,2702.4,1118790
RELIANCE,2024-02-09,2710.46,2733.31,2650.91,2676.56,1879283
RELIANCE,2024-02-12,2686.5,2709.01,2681.05,2688.48,3355572
RELIANCE,2024-02-13,2680.64,2690.16,2652.88,2664.64,1536198
RELIANCE,2024-02-14,2667.05,2679.85,2641.52,2654.58,3193439
RELIANCE,2024-02-15,2650.16,2698.85,2638.26,2674.8,1862280
RELIANCE,2024-02-16,2672.12,2696.95,2656.15,2664.96,1390904
RELIANCE,2024-02-19,2675.47,2689.14,2645.73,2663.86,3196504
RELIANCE,2024-02-20,2654.78,2687.97,2639.87,2681.27,3483100
RELIANCE,2024-02-21,2691.08,2726.22,2679.59,2703.77,3017133
RELIANCE,2024-02-22,2698.48,2715.58,2670.24,2689.4,521530
RELIANCE,2024-02-23,2681.07,2735.2,2672.92,2717.6,3376879
RELIANCE,2024-02-26,2713.08,2739.13,2680.07,2700.35,933516
RELIANCE,2024-02-27,2693.02,2762.55,2670.69,2739.64,1976342
RELIANCE,2024-02-28,2742.56,2762.9,2703.09,2722.17,2027779
RELIANCE,2024-02-29,2724.07,2759.13,2711.13,2733.08,592820
RELIANCE,2024-03-01,2723.04,2765.17,2698.66,2754.59,3751637
RELIANCE,2024-03-04,2747.82,2763.27,2732.69,2749.23,1158134
RELIANCE,2024-03-05,2753.33,2827.12,2727.69,2799.67,1869634
RELIANCE,2024-03-06,2803.21,2830.9,2774.46,2796.5,986024
RELIANCE,2024-03-07,2795.38,2803.86,2785.54,2795.24,432564
RELIANCE,2024-03-08,2801.7,2826.09,2779.78,2819.05,3661397
RELIANCE,2024-03-11,2819.41,2843.02,2807.13,2825.41,2418340
RELIANCE,2024-03-12,2834.68,2860.42,2799.49,2812.39,4467035
RELIANCE,2024-03-13,2801.89,2858.99,2778.22,2848.79,4292617
RELIANCE,2024-03-14,2840.45,2857.93,2812.05,2828.5,2291713
RELIANCE,2024-03-15,2832.64,2891.12,2805.84,2870.41,2703049
RELIANCE,2024-03-18,2866.33,2892.49,2856.41,2870.39,2192211
RELIANCE,2024-03-19,2877.6,2906.34,2856.13,2870.07,2225540
RELIANCE,2024-03-20,2880.77,2899.54,2848.37,2859.34,2135125
RELIANCE,2024-03-21,2864.33,2890.7,2845.58,2862.47,2169327
RELIANCE,2024-03-22,2857.29,2891.18,2843.87,2866.57,1843675
RELIANCE,2024-03-25,2876.96,2889.54,2843.7,2863.61,2032201
RELIANCE,2024-03-26,2870.99,2883.31,2849.13,2872.65,4355199
RELIANCE,2024-03-27,2862.82,2884.57,2808.06,2831.39,4172296
RELIANCE,2024-03-28,2823.99,2852.59,2812.01,2833.71,4218892
RELIANCE,2024-03-29,2823.03,2829.81,2815.43,2821.24,4417537
RELIANCE,2024-04-01,2815.71,2835.39,2790.15,2824.86,1813205
RELIANCE,2024-04-02,2816.66,2841.88,2808.18,2826.04,1790535
RELIANCE,2024-04-03,2835.27,2847.25,2814.02,2827.76,3797311
RELIANCE,2024-04-04,2818.88,2826.06,2776.79,2798.16,3372988
RELIANCE,2024-04-05,2799.35,2809.14,2759.35,2775.49,2699966
RELIANCE,2024-04-08,2779.95,2808.44,2769.91,2800.1,2007498
RELIANCE,2024-04-09,2807.66,2822.49,2779.2,2799.09,3694200
RELIANCE,2024-04-10,2805.45,2829.07,2760.48,2768.78,4191318
RELIANCE,2024-04-11,2775.6,2803.02,2750.61,2788.1,932580
RELIANCE,2024-04-12,2791.19,2811.55,2751.18,2769.97,861253
RELIANCE,2024-04-15,2768.04,2801.89,2751.25,2792.59,411510
RELIANCE,2024-04-16,2789.68,2797.97,2735.94,2762.41,745656
RELIANCE,2024-04-17,2762.86,2784.04,2755.3,2764.72,725645
RELIANCE,2024-04-18,2766.13,2811.81,2759.77,2789.4,2024981
RELIANCE,2024-04-19,2790.73,2810.78,2739.49,2766.97,3773931
RELIANCE,2024-04-22,2756.21,2763.26,2741.16,2757.48,1226110
RELIANCE,2024-04-23,2763.4,2800.94,2757.75,2776.15,1010390
RELIANCE,2024-04-24,2770.86,2803.76,2751.52,2788.83,3212980
RELIANCE,2024-04-25,2799.9,2819.55,2788.97,2797.51,413202
RELIANCE,2024-04-26,2800.02,2822.47,2785.95,2794.19,1383021
RELIANCE,2024-04-29,2791.17,2846.33,2766.57,2825.62,4323262
RELIANCE,2024-04-30,2816.04,2852.62,2793.56,2840.17,3137891
RELIANCE,2024-05-01,2848.9,2868.75,2840.28,2851.55,1033901
RELIANCE,2024-05-02,2857.5,2866.16,2846.62,2855.56,3395942
RELIANCE,2024-05-03,2853.93,2880.48,2839.15,2870.91,1135246
RELIANCE,2024-05-06,2860.29,2882.51,2837.99,2850.0,3899202
TCS,2024-01-02,3624.44,3646.92,3612.95,3630.43,661356
TCS,2024-01-03,3631.32,3684.66,3602.57,3665.36,991083
TCS,2024-01-04,3679.87,3716.13,3659.67,3695.42,1201131
TCS,2024-01-05,3699.28,3712.32,3648.95,3661.62,3898600
TCS,2024-01-08,3667.51,3708.68,3658.44,3686.48,675616
TCS,2024-01-09,3673.01,3695.89,3632.84,3664.69,4130936
TCS,2024-01-10,3664.67,3702.28,3634.82,3669.19,1817856
TCS,2024-01-11,3656.41,3687.57,3622.38,3672.64,744219
TCS,2024-01-12,3658.05,3689.83,3648.03,3664.07,909479
TCS,2024-01-15,3675.25,3704.73,3658.87,3686.72,575509
TCS,2024-01-16,3694.71,3714.86,3641.07,3661.76,3048378
TCS,2024-01-17,3666.09,3702.92,3631.62,3673.16,3068292
TCS,2024-01-18,3685.0,3696.17,3652.03,3666.16,3998807
TCS,2024-01-19,3658.09,3676.7,3644.19,3654.82,485137
TCS,2024-01-22,3668.0,3683.69,3630.3,3661.19,651128
TCS,2024-01-23,3665.88,3685.55,3615.58,3651.81,3803237
TCS,2024-01-24,3638.25,3670.02,3564.51,3599.56,3251514
TCS,2024-01-25,3611.64,3630.58,3584.71,3616.52,4278611
TCS,2024-01-26,3629.32,3640.94,3569.77,3588.51,2820004
TCS,2024-01-29,3584.36,3595.64,3570.29,3581.64,3498376
TCS,2024-01-30,3574.67,3625.89,3540.21,3597.81,489470
TCS,2024-01-31,3588.99,3608.08,3554.38,3594.43,3802797
TCS,2024-02-01,3604.72,3637.4,3546.23,3579.56,4005579
TCS,2024-02-02,3580.81,3592.8,3534.98,3544.64,975109
TCS,2024-02-05,3551.62,3573.85,3534.18,3550.45,1159533
TCS,2024-02-06,3543.82,3629.25,3516.64,3594.14,1463559
TCS,2024-02-07,3596.42,3631.22,3522.26,3546.03,3462316
TCS,2024-02-08,3558.08,3607.82,3546.17,3575.4,3975606
TCS,2024-02-09,3565.42,3625.81,3533.35,3606.37,3778923
TCS,2024-02-12,3593.02,3619.69,3531.78,3564.94,2190278
TCS,2024-02-13,3550.97,3597.31,3526.64,3584.43,1991206
TCS,2024-02-14,3577.22,3654.81,3563.25,3630.13,2810815
TCS,2024-02-15,3616.86,3649.71,3584.14,3600.55,2018362
TCS,2024-02-16,3599.94,3665.4,3578.76,3656.73,689567
TCS,2024-02-19,3663.25,3685.68,3606.34,3624.25,3196461
TCS,2024-02-20,3636.99,3673.28,3600.7,3647.59,3619152
TCS,2024-02-21,3650.18,3688.23,3628.95,3661.27,3536764
TCS,2024-02-22,3661.7,3721.41,3632.6,3706.75,4331967
TCS,2024-02-23,3702.29,3736.39,3672.64,3716.18,3278499
TCS,2024-02-26,3708.58,3742.49,3688.47,3725.48,1340652
TCS,2024-02-27,3725.41,3755.56,3689.09,3744.84,4460995
TCS,2024-02-28,3746.22,3796.1,3723.1,3763.4,4001114
TCS,2024-02-29,3775.41,3809.82,3762.22,3794.55,4349337
TCS,2024-03-01,3794.05,3830.25,3768.25,3783.67,3828760
TCS,2024-03-04,3797.29,3807.42,3760.27,3778.49,707843
TCS,2024-03-05,3770.81,3799.96,3755.13,3774.89,4386828
TCS,2024-03-06,3768.22,3829.22,3732.61,3808.81,4432896
TCS,2024-03-07,3823.72,3854.12,3802.58,3836.48,1171935
TCS,2024-03-08,3833.32,3864.08,3792.96,3813.51,2756679
TCS,2024-03-11,3802.22,3862.81,3781.2,3835.25,787940
TCS,2024-03-12,3835.25,3856.87,3753.04,3785.19,4251538
TCS,2024-03-13,3789.82,3816.72,3775.15,3795.71,2996170
TCS,2024-03-14,3793.32,3844.89,3761.69,3813.93,2201250
TCS,2024-03-15,3802.81,3814.51,3763.58,3788.7,3076856
TCS,2024-03-18,3780.34,3840.41,3745.57,3813.29,2645442
TCS,2024-03-19,3805.26,3835.1,3792.65,3815.24,2137935
TCS,2024-03-20,3814.6,3847.41,3744.81,3772.92,1119854
TCS,2024-03-21,3785.91,3816.67,3749.63,3770.6,4307355
TCS,2024-03-22,3762.52,3821.49,3735.16,3786.4,2740032
TCS,2024-03-25,3771.42,3781.97,3721.82,3755.29,3815540
TCS,2024-03-26,3765.99,3779.11,3702.47,3717.27,3206807
TCS,2024-03-27,3729.51,3757.52,3701.88,3723.53,1352033
TCS,2024-03-28,3737.51,3773.27,3693.3,3723.22,4291267
TCS,2024-03-29,3713.26,3727.04,3652.58,3688.86,3255858
TCS,2024-04-01,3698.19,3736.13,3688.86,3714.55,646405
TCS,2024-04-02,3712.14,3742.61,3660.06,3679.62,4161637
TCS,2024-04-03,3673.7,3730.42,3637.48,3699.45,3437060
TCS,2024-04-04,3702.95,3758.7,3692.02,3727.31,4469172
TCS,2024-04-05,3741.41,3776.39,3638.97,3672.18,761366
TCS,2024-04-08,3663.12,3717.65,3639.16,3702.78,3595838
TCS,2024-04-09,3688.82,3746.21,3679.15,3716.88,2416471
TCS,2024-04-10,3705.83,3740.43,3674.87,3711.11,666907
TCS,2024-04-11,3714.6,3732.01,3687.06,3710.4,3389342
TCS,2024-04-12,3702.7,3737.74,3681.31,3692.45,3828169
TCS,2024-04-15,3697.14,3722.17,3671.46,3710.21,2322136
TCS,2024-04-16,3718.25,3753.9,3693.42,3724.4,1474700
TCS,2024-04-17,3727.23,3780.49,3717.97,3770.02,2309084
TCS,2024-04-18,3759.45,3820.84,3745.01,3787.7,3287961
TCS,2024-04-19,3782.13,3811.42,3746.48,3757.32,4330927
TCS,2024-04-22,3750.26,3836.39,3740.35,3810.51,793340
TCS,2024-04-23,3819.04,3850.8,3768.63,3777.91,688400
TCS,2024-04-24,3788.67,3803.44,3774.22,3794.63,1722970
TCS,2024-04-25,3786.38,3848.91,3753.24,3811.49,3420343
TCS,2024-04-26,3824.06,3871.67,3792.56,3862.84,2777819
TCS,2024-04-29,3875.16,3888.96,3818.42,3834.53,4255366
TCS,2024-04-30,3830.63,3858.94,3811.95,3851.07,687572
TCS,2024-05-01,3848.67,3937.54,3826.34,3903.54,502031
TCS,2024-05-02,3899.6,3957.95,3877.26,3933.15,2732462
TCS,2024-05-03,3944.47,3966.56,3917.34,3936.09,4002777
TCS,2024-05-06,3934.04,3946.91,3910.37,3920.0,2436980
INFY,2024-01-02,1487.44,1495.85,1474.0,1484.95,3018622
INFY,2024-01-03,1486.86,1501.22,1463.7,1477.7,2153832
INFY,2024-01-04,1481.07,1486.57,1467.38,1471.16,3620630
INFY,2024-01-05,1465.94,1492.66,1451.75,1482.42,1817205
INFY,2024-01-08,1487.53,1500.65,1469.09,1475.13,2049367
INFY,2024-01-09,1479.88,1486.4,1444.56,1456.23,4220256
INFY,2024-01-10,1457.65,1474.62,1444.19,1463.17,4304712
INFY,2024-01-11,1463.89,1474.79,1445.76,1453.08,547409
INFY,2024-01-12,1455.18,1467.68,1444.04,1463.54,1293608
INFY,2024-01-15,1466.3,1472.25,1458.39,1464.01,1993112
INFY,2024-01-16,1459.29,1470.22,1446.83,1460.34,813376
INFY,2024-01-17,1466.16,1480.54,1452.8,1455.77,1537710
INFY,2024-01-18,1459.71,1468.47,1445.09,1450.55,3095001
INFY,2024-01-19,1445.27,1453.38,1436.79,1442.19,1750181
INFY,2024-01-22,1444.98,1457.22,1433.97,1449.19,2071016
INFY,2024-01-23,1443.77,1453.81,1424.22,1432.93,3202292
INFY,2024-01-24,1436.95,1444.84,1424.54,1439.27,1121513
INFY,2024-01-25,1438.68,1448.77,1415.71,1424.06,3577139
INFY,2024-01-26,1425.7,1437.79,1417.39,1423.87,3340006
INFY,2024-01-29,1423.02,1430.05,1408.85,1423.8,502476
INFY,2024-01-30,1419.4,1442.94,1407.03,1429.25,4090729
INFY,2024-01-31,1430.86,1434.63,1418.05,1425.57,3428565
INFY,2024-02-01,1420.97,1445.81,1416.5,1433.31,1626267
INFY,2024-02-02,1437.11,1460.04,1432.51,1453.34,3584038
INFY,2024-02-05,1454.75,1464.66,1433.91,1438.34,4493952
INFY,2024-02-06,1443.89,1457.67,1434.48,1443.03,2420090
INFY,2024-02-07,1442.99,1481.68,1435.55,1469.03,1379414
INFY,2024-02-08,1469.82,1476.55,1459.42,1471.94,1161740
INFY,2024-02-09,1470.95,1482.56,1447.59,1461.91,1839903
INFY,2024-02-12,1458.21,1495.41,1446.38,1486.52,2794609
INFY,2024-02-13,1486.97,1500.13,1474.68,1481.74,3254628
INFY,2024-02-14,1482.8,1489.02,1473.06,1481.64,1286277
INFY,2024-02-15,1485.67,1511.77,1480.55,1500.38,773666
INFY,2024-02-16,1506.18,1518.3,1498.2,1504.98,880641
INFY,2024-02-19,1508.86,1520.73,1495.71,1508.59,1461475
INFY,2024-02-20,1510.47,1519.16,1504.64,1514.94,3270710
INFY,2024-02-21,1512.37,1534.72,1499.06,1524.98,2010101
INFY,2024-02-22,1528.18,1531.26,1500.25,1513.25,3604922
INFY,2024-02-23,1512.83,1543.95,1505.57,1534.91,3107357
INFY,2024-02-26,1534.72,1539.86,1511.69,1526.41,1213818
INFY,2024-02-27,1527.37,1547.93,1512.48,1538.69,4428140
INFY,2024-02-28,1538.73,1551.41,1530.57,1534.15,4422934
INFY,2024-02-29,1528.5,1543.39,1523.58,1527.15,1228579
INFY,2024-03-01,1530.48,1554.56,1515.91,1542.31,1206918
INFY,2024-03-04,1537.02,1543.82,1518.3,1532.39,1822914
INFY,2024-03-05,1531.67,1546.81,1515.52,1525.87,692564
INFY,2024-03-06,1526.35,1537.39,1522.89,1529.47,1170322
INFY,2024-03-07,1527.03,1534.24,1507.66,1516.64,2129622
INFY,2024-03-08,1518.43,1545.28,1505.68,1531.64,2941739
INFY,2024-03-11,1534.62,1546.4,1504.09,1518.24,1415086
INFY,2024-03-12,1517.2,1526.31,1512.75,1522.36,997905
INFY,2024-03-13,1526.53,1531.03,1502.17,1508.55,2092579
INFY,2024-03-14,1507.99,1520.35,1504.08,1514.58,1797921
INFY,2024-03-15,1510.34,1514.45,1494.25,1504.39,650032
INFY,2024-03-18,1508.5,1523.06,1481.05,1492.93,540458
INFY,2024-03-19,1498.24,1503.74,1488.55,1494.64,787455
INFY,2024-03-20,1497.57,1508.73,1491.89,1500.24,698898
INFY,2024-03-21,1499.83,1509.57,1474.53,1484.42,763504
INFY,2024-03-22,1480.93,1499.93,1472.77,1494.77,918668
INFY,2024-03-25,1500.66,1504.58,1464.47,1478.8,474379
INFY,2024-03-26,1473.52,1493.55,1468.43,1483.67,2673815
INFY,2024-03-27,1489.36,1501.39,1462.17,1473.06,1076836
INFY,2024-03-28,1473.71,1490.52,1469.36,1486.73,2231480
INFY,2024-03-29,1490.07,1504.11,1478.23,1489.77,3471088
INFY,2024-04-01,1490.56,1505.46,1481.45,1497.9,2932914
INFY,2024-04-02,1499.75,1502.97,1477.57,1492.31,2659611
INFY,2024-04-03,1496.89,1515.28,1483.83,1504.24,863083
INFY,2024-04-04,1510.23,1524.21,1501.03,1505.6,1388680
INFY,2024-04-05,1505.44,1511.64,1500.29,1507.11,4480324
INFY,2024-04-08,1501.31,1516.92,1493.79,1510.97,2334844
INFY,2024-04-09,1515.69,1521.61,1494.72,1504.67,2062545
INFY,2024-04-10,1510.42,1517.3,1502.55,1507.07,3663708
INFY,2024-04-11,1506.15,1524.02,1496.87,1518.3,3928811
INFY,2024-04-12,1521.5,1546.7,1513.12,1532.0,412445
INFY,2024-04-15,1530.14,1554.03,1518.71,1540.15,413515
INFY,2024-04-16,1540.73,1551.54,1524.28,1531.97,4021513
INFY,2024-04-17,1535.17,1546.98,1526.63,1540.0,1757264
INFY,2024-04-18,1542.07,1548.89,1537.29,1542.94,3688771
INFY,2024-04-19,1548.59,1562.32,1540.16,1546.06,4304644
INFY,2024-04-22,1540.59,1577.17,1527.01,1569.48,1582179
INFY,2024-04-23,1573.27,1591.32,1565.39,1576.89,1223384
INFY,2024-04-24,1574.03,1588.29,1558.63,1580.75,2493623
INFY,2024-04-25,1582.26,1589.38,1577.53,1583.07,3415610
INFY,2024-04-26,1587.12,1591.34,1560.3,1573.16,902809
INFY,2024-04-29,1572.12,1594.74,1566.32,1580.92,2067082
INFY,2024-04-30,1576.18,1584.36,1571.57,1577.4,4184464
INFY,2024-05-01,1582.62,1597.05,1574.3,1587.19,3320100
INFY,2024-05-02,1586.19,1598.07,1559.61,1574.72,4483573
INFY,2024-05-03,1574.29,1601.89,1567.76,1589.3,3116880
INFY,2024-05-06,1588.62,1602.78,1574.23,1585.0,743327
HDFCBANK,2024-01-02,1571.37,1578.27,1555.66,1568.84,905409
HDFCBANK,2024-01-03,1566.74,1589.47,1560.95,1576.21,1992409
HDFCBANK,2024-01-04,1576.93,1587.08,1548.51,1559.85,4153262
HDFCBANK,2024-01-05,1558.02,1567.02,1539.99,1552.31,497670
HDFCBANK,2024-01-08,1558.39,1573.93,1535.95,1544.6,2572865
HDFCBANK,2024-01-09,1542.91,1550.26,1532.72,1538.17,3256322
HDFCBANK,2024-01-10,1535.97,1540.29,1525.49,1534.84,3927798
HDFCBANK,2024-01-11,1534.97,1558.8,1527.77,1550.73,4299716
HDFCBANK,2024-01-12,1551.94,1557.99,1539.25,1554.87,1546806
HDFCBANK,2024-01-15,1553.5,1566.72,1524.12,1531.73,2688204
HDFCBANK,2024-01-16,1535.43,1541.84,1518.53,1533.5,3982653
HDFCBANK,2024-01-17,1534.19,1564.4,1523.74,1551.18,2220489
HDFCBANK,2024-01-18,1556.36,1569.53,1544.67,1548.62,3169318
HDFCBANK,2024-01-19,1545.4,1563.37,1530.67,1548.91,1141749
HDFCBANK,2024-01-22,1545.52,1566.74,1533.65,1557.78,4090481
HDFCBANK,2024-01-23,1561.55,1571.55,1547.82,1551.67,2674103
HDFCBANK,2024-01-24,1546.03,1554.41,1536.49,1549.48,1673274
HDFCBANK,2024-01-25,1545.0,1553.8,1534.44,1546.69,1200715
HDFCBANK,2024-01-26,1547.61,1577.05,1533.46,1566.98,4364517
HDFCBANK,2024-01-29,1566.69,1576.28,1557.9,1566.01,4472750
HDFCBANK,2024-01-30,1564.14,1577.85,1557.81,1571.19,1265196
HDFCBANK,2024-01-31,1572.57,1594.23,1559.03,1580.28,2161658
HDFCBANK,2024-02-01,1581.65,1597.94,1570.83,1592.92,4414203
HDFCBANK,2024-02-02,1592.04,1604.94,1579.39,1583.95,935355
HDFCBANK,2024-02-05,1587.74,1627.08,1576.14,1612.53,1003099
HDFCBANK,2024-02-06,1614.44,1623.51,1606.09,1611.25,3321030
HDFCBANK,2024-02-07,1606.96,1618.75,1599.66,1605.95,2149238
HDFCBANK,2024-02-08,1607.25,1632.38,1592.78,1619.3,901755
HDFCBANK,2024-02-09,1620.47,1636.29,1610.95,1616.75,1582002
HDFCBANK,2024-02-12,1616.42,1637.39,1603.22,1622.29,542959
HDFCBANK,2024-02-13,1621.81,1654.41,1614.79,1646.77,1726015
HDFCBANK,2024-02-14,1650.23,1656.5,1622.92,1634.55,472995
HDFCBANK,2024-02-15,1636.7,1646.06,1630.52,1637.21,3141618
HDFCBANK,2024-02-16,1637.07,1657.66,1622.57,1652.22,4204751
HDFCBANK,2024-02-19,1651.82,1670.01,1647.68,1656.32,1465519
HDFCBANK,2024-02-20,1650.92,1654.41,1629.58,1636.5,2544178
HDFCBANK,2024-02-21,1634.77,1659.75,1618.64,1645.53,3542618
HDFCBANK,2024-02-22,1641.18,1657.07,1631.89,1652.28,1225026
HDFCBANK,2024-02-23,1656.27,1663.06,1632.86,1640.9,2487352
HDFCBANK,2024-02-26,1634.68,1655.4,1622.92,1649.66,1593329
HDFCBANK,2024-02-27,1654.04,1658.01,1637.47,1647.07,1063636
HDFCBANK,2024-02-28,1651.98,1663.22,1613.97,1627.68,3992913
HDFCBANK,2024-02-29,1624.49,1655.47,1613.86,1639.54,531348
HDFCBANK,2024-03-01,1645.93,1661.97,1622.49,1634.5,1856554
HDFCBANK,2024-03-04,1640.25,1649.9,1616.33,1632.55,833115
HDFCBANK,2024-03-05,1638.14,1641.57,1604.65,1609.33,4302418
HDFCBANK,2024-03-06,1610.98,1635.36,1598.48,1625.62,4154057
HDFCBANK,2024-03-07,1627.66,1643.84,1591.98,1607.27,3132122
HDFCBANK,2024-03-08,1602.95,1618.18,1589.52,1602.02,1885804
HDFCBANK,2024-03-11,1605.87,1615.05,1589.06,1592.76,4237984
HDFCBANK,2024-03-12,1598.1,1629.16,1585.94,1613.54,4266741
HDFCBANK,2024-03-13,1616.73,1626.05,1594.75,1606.19,2693415
HDFCBANK,2024-03-14,1600.27,1615.86,1593.65,1608.67,1131857
HDFCBANK,2024-03-15,1602.83,1618.65,1575.61,1585.05,2664547
HDFCBANK,2024-03-18,1581.33,1608.35,1573.23,1600.7,2864889
HDFCBANK,2024-03-19,1600.4,1604.3,1587.95,1594.43,2826965
HDFCBANK,2024-03-20,1589.34,1618.88,1582.43,1606.95,1215398
HDFCBANK,2024-03-21,1606.33,1618.69,1593.42,1597.14,3803302
HDFCBANK,2024-03-22,1593.07,1600.92,1585.55,1596.45,2281365
HDFCBANK,2024-03-25,1593.18,1601.11,1581.17,1591.32,4314457
HDFCBANK,2024-03-26,1597.27,1622.76,1589.08,1611.76,3489735
HDFCBANK,2024-03-27,1608.57,1618.19,1595.97,1608.81,4346879
HDFCBANK,2024-03-28,1615.09,1630.18,1609.18,1618.88,1363889
HDFCBANK,2024-03-29,1613.05,1631.72,1599.41,1625.87,3176391
HDFCBANK,2024-04-01,1624.47,1644.89,1617.37,1634.19,3803037
HDFCBANK,2024-04-02,1630.73,1656.2,1621.82,1641.37,2145559
HDFCBANK,2024-04-03,1644.85,1655.73,1632.73,1643.34,818063
HDFCBANK,2024-04-04,1640.77,1667.55,1624.84,1659.78,1655278
HDFCBANK,2024-04-05,1658.34,1666.99,1639.93,1654.59,1396306
HDFCBANK,2024-04-08,1659.95,1670.93,1645.85,1660.73,536477
HDFCBANK,2024-04-09,1663.44,1683.93,1656.8,1678.69,2349636
HDFCBANK,2024-04-10,1680.68,1692.83,1673.46,1680.71,866453
HDFCBANK,2024-04-11,1679.19,1689.64,1674.46,1682.48,1771650
HDFCBANK,2024-04-12,1688.75,1702.29,1675.52,1691.22,787441
HDFCBANK,2024-04-15,1697.4,1702.4,1679.06,1685.9,2707002
HDFCBANK,2024-04-16,1688.32,1698.66,1674.65,1688.8,4200017
HDFCBANK,2024-04-17,1692.45,1697.82,1686.0,1693.03,3036340
HDFCBANK,2024-04-18,1696.55,1712.28,1681.6,1704.28,2117534
HDFCBANK,2024-04-19,1703.56,1712.19,1686.54,1708.71,858733
HDFCBANK,2024-04-22,1704.79,1725.16,1694.9,1713.27,1805448
HDFCBANK,2024-04-23,1715.42,1730.16,1682.37,1691.81,1466365
HDFCBANK,2024-04-24,1693.49,1723.46,1689.47,1714.52,3003286
HDFCBANK,2024-04-25,1713.96,1723.45,1675.84,1687.1,3228695
HDFCBANK,2024-04-26,1680.53,1699.44,1671.97,1691.57,980487
HDFCBANK,2024-04-29,1692.38,1714.8,1678.28,1708.73,4394810
HDFCBANK,2024-04-30,1712.97,1718.04,1670.13,1681.38,2247953
HDFCBANK,2024-05-01,1686.45,1698.52,1671.29,1685.62,1845321
HDFCBANK,2024-05-02,1687.93,1701.53,1676.09,1689.28,1105911
HDFCBANK,2024-05-03,1683.37,1696.93,1658.23,1672.96,2912361
HDFCBANK,2024-05-06,1671.34,1687.94,1658.0,1680.0,1848447
SBIN,2024-01-02,731.1,737.75,726.12,733.96,2888396
SBIN,2024-01-03,736.11,741.87,719.95,726.52,776816
SBIN,2024-01-04,727.8,730.26,724.03,727.7,1971724
SBIN,2024-01-05,727.67,739.53,725.3,733.77,3156742
SBIN,2024-01-08,734.37,740.57,732.21,737.48,1668679
SBIN,2024-01-09,736.69,739.47,734.86,737.13,4474936
SBIN,2024-01-10,734.89,742.14,729.79,734.03,1582214
SBIN,2024-01-11,734.1,736.45,723.7,729.69,842469
SBIN,2024-01-12,728.66,732.84,724.48,730.87,766173
SBIN,2024-01-15,730.09,739.19,728.18,732.52,431741
SBIN,2024-01-16,731.8,741.45,729.88,738.96,483272
SBIN,2024-01-17,741.25,746.66,732.37,736.88,1963830
SBIN,2024-01-18,737.65,752.77,735.47,747.39,1005950
SBIN,2024-01-19,746.43,750.22,739.39,745.92,1665929
SBIN,2024-01-22,743.0,759.39,736.83,753.3,1925883
SBIN,2024-01-23,750.5,760.35,743.67,756.34,1369050
SBIN,2024-01-24,758.17,767.09,755.06,761.49,3926442
SBIN,2024-01-25,758.45,768.64,751.44,762.24,940908
SBIN,2024-01-26,763.14,768.45,760.75,763.05,4371401
SBIN,2024-01-29,765.53,769.18,758.81,764.09,778516
SBIN,2024-01-30,764.61,775.65,759.61,769.5,2476778
SBIN,2024-01-31,767.83,783.73,765.01,776.57,4078631
SBIN,2024-02-01,778.67,784.64,768.57,770.74,1664066
SBIN,2024-02-02,772.88,778.62,768.71,771.58,2681178
SBIN,2024-02-05,769.66,780.54,763.61,775.01,1363172
SBIN,2024-02-06,777.32,789.78,772.01,786.44,4144772
SBIN,2024-02-07,786.35,788.2,782.41,786.4,2001349
SBIN,2024-02-08,786.68,793.73,781.78,783.83,3325365
SBIN,2024-02-09,785.12,790.12,776.7,783.08,2400644
SBIN,2024-02-12,781.11,789.55,773.89,784.67,4451099
SBIN,2024-02-13,786.27,788.54,776.26,777.93,4372544
SBIN,2024-02-14,777.75,794.59,773.71,787.95,3975703
SBIN,2024-02-15,790.06,795.48,770.96,777.73,3840316
SBIN,2024-02-16,778.1,781.4,775.54,779.39,1325051
SBIN,2024-02-19,777.44,789.06,773.31,784.07,815381
SBIN,2024-02-20,782.57,785.08,769.19,771.67,1543519
SBIN,2024-02-21,770.0,780.8,763.12,776.01,4185665
SBIN,2024-02-22,774.07,776.36,765.86,767.74,4315252
SBIN,2024-02-23,766.77,768.94,764.37,766.67,2624112
SBIN,2024-02-26,766.67,772.2,759.61,770.27,3201531
SBIN,2024-02-27,771.88,776.14,759.14,763.82,2626354
SBIN,2024-02-28,762.54,774.7,756.25,769.65,1708378
SBIN,2024-02-29,767.07,769.7,753.67,757.52,3935724
SBIN,2024-03-01,760.27,768.23,756.05,763.24,3257112
SBIN,2024-03-04,765.35,771.79,757.69,761.9,467274
SBIN,2024-03-05,764.5,767.28,760.81,764.75,3925186
SBIN,2024-03-06,761.93,766.93,745.11,752.48,543986
SBIN,2024-03-07,751.94,763.05,744.78,760.1,1584712
SBIN,2024-03-08,760.21,762.84,753.3,757.23,2947952
SBIN,2024-03-11,754.95,765.51,751.53,759.25,992336
SBIN,2024-03-12,759.29,761.82,747.15,753.3,950460
SBIN,2024-03-13,751.78,764.5,745.48,760.27,3962591
SBIN,2024-03-14,760.34,767.7,756.88,765.78,706976
SBIN,2024-03-15,762.9,764.6,757.05,761.88,1110220
SBIN,2024-03-18,760.25,771.18,755.46,765.58,3431589
SBIN,2024-03-19,765.83,772.85,760.98,763.26,4412244
SBIN,2024-03-20,765.69,773.51,762.53,767.98,3343119
SBIN,2024-03-21,767.2,779.55,760.18,772.44,1313041
SBIN,2024-03-22,770.78,784.62,764.61,777.22,831694
SBIN,2024-03-25,777.07,780.73,773.54,778.7,2415759
SBIN,2024-03-26,776.18,790.84,774.51,787.1,642335
SBIN,2024-03-27,789.25,791.21,775.73,783.46,3567208
SBIN,2024-03-28,781.11,793.73,775.74,786.63,1834639
SBIN,2024-03-29,783.64,792.63,781.56,787.77,4166522
SBIN,2024-04-01,786.47,803.55,780.78,796.93,2110591
SBIN,2024-04-02,798.41,808.93,792.26,801.57,3764371
SBIN,2024-04-03,802.28,806.48,793.57,798.38,2642127
SBIN,2024-04-04,798.0,813.06,791.41,806.66,2899232
SBIN,2024-04-05,803.78,820.12,796.2,812.05,2289442
SBIN,2024-04-08,814.03,818.51,801.4,808.18,1811278
SBIN,2024-04-09,810.54,818.54,796.74,802.28,3463759
SBIN,2024-04-10,803.4,807.89,798.09,804.07,444872
SBIN,2024-04-11,802.61,807.07,799.52,804.57,2835754
SBIN,2024-04-12,802.96,811.6,797.4,804.46,1533578
SBIN,2024-04-15,805.63,815.96,799.08,808.84,4030773
SBIN,2024-04-16,811.37,816.72,805.61,812.05,1543522
SBIN,2024-04-17,809.96,815.12,803.65,809.01,4435550
SBIN,2024-04-18,806.5,813.59,797.52,803.81,2796922
SBIN,2024-04-19,803.5,809.47,798.66,800.91,1270190
SBIN,2024-04-22,798.12,815.3,795.45,807.6,2087000
SBIN,2024-04-23,807.03,810.16,791.78,798.69,3110538
SBIN,2024-04-24,798.7,801.91,790.19,795.59,1291434
SBIN,2024-04-25,795.43,799.25,788.37,793.84,1420333
SBIN,2024-04-26,793.92,798.6,787.29,790.25,3399466
SBIN,2024-04-29,787.27,790.3,782.08,787.83,763839
SBIN,2024-04-30,790.61,796.81,779.97,787.14,2244722
SBIN,2024-05-01,789.37,794.38,778.37,786.09,3729995
SBIN,2024-05-02,784.22,791.7,780.09,783.23,2492117
SBIN,2024-05-03,781.92,792.95,776.13,787.67,2497867
SBIN,2024-05-06,789.06,792.33,780.51,785.0,2684705
ITC,2024-01-02,422.85,426.7,421.18,422.41,1310678
ITC,2024-01-03,421.65,426.57,419.98,425.43,2298824
ITC,2024-01-04,425.81,431.4,422.72,427.27,3465011
ITC,2024-01-05,426.44,431.52,422.61,429.88,2683469
ITC,2024-01-08,430.06,431.28,422.41,426.07,2162985
ITC,2024-01-09,426.31,434.76,424.32,432.45,2769862
ITC,2024-01-10,433.72,436.73,428.53,432.34,929983
ITC,2024-01-11,433.02,435.77,430.63,432.7,1212059
ITC,2024-01-12,433.07,436.16,430.88,432.76,4213678
ITC,2024-01-15,432.89,438.65,431.83,436.02,1780380
ITC,2024-01-16,434.74,440.12,433.04,436.95,3108988
ITC,2024-01-17,436.12,443.79,431.84,439.83,1548545
ITC,2024-01-18,439.73,443.05,437.57,440.12,1455004
ITC,2024-01-19,441.15,443.2,437.17,442.11,2417823
ITC,2024-01-22,441.54,452.08,439.05,448.11,1398035
ITC,2024-01-23,446.54,448.97,442.23,444.64,4172142
ITC,2024-01-24,445.78,456.46,443.88,452.9,4209780
ITC,2024-01-25,453.77,455.77,444.06,448.09,1916098
ITC,2024-01-26,447.08,457.96,445.99,454.2,3407588
ITC,2024-01-29,454.98,456.98,452.97,455.15,818407
ITC,2024-01-30,454.54,458.52,447.11,449.75,3733819
ITC,2024-01-31,450.7,457.69,446.71,455.7,1775731
ITC,2024-02-01,455.45,459.28,448.29,449.6,2445439
ITC,2024-02-02,448.59,458.04,445.44,454.23,1974550
ITC,2024-02-05,453.79,456.89,446.94,449.04,772941
ITC,2024-02-06,448.71,453.02,444.36,448.76,729709
ITC,2024-02-07,447.54,454.01,444.74,450.45,779843
ITC,2024-02-08,449.13,450.35,446.43,449.25,2284581
ITC,2024-02-09,450.7,454.39,444.2,445.43,3577335
ITC,2024-02-12,446.79,450.78,445.07,447.8,1497749
ITC,2024-02-13,448.35,452.57,444.82,448.83,3120420
ITC,2024-02-14,447.93,451.06,438.53,442.0,1179380
ITC,2024-02-15,441.42,445.73,438.85,440.91,2888400
ITC,2024-02-16,442.01,448.32,437.84,444.13,3760245
ITC,2024-02-19,445.48,446.93,441.37,443.41,3643214
ITC,2024-02-20,441.97,445.75,438.79,440.63,4161171
ITC,2024-02-21,439.4,444.45,435.98,441.32,4047309
ITC,2024-02-22,440.43,445.09,437.69,441.8,3824967
ITC,2024-02-23,443.23,446.75,435.1,437.33,4006678
ITC,2024-02-26,438.68,441.85,437.71,440.39,2048535
ITC,2024-02-27,441.08,443.73,439.27,441.88,420499
ITC,2024-02-28,443.28,445.97,437.33,439.62,3890783
ITC,2024-02-29,438.54,439.71,435.74,437.04,1795048
ITC,2024-03-01,438.13,439.38,433.05,436.63,3263214
ITC,2024-03-04,435.19,443.76,431.85,441.89,2280766
ITC,2024-03-05,442.63,446.3,439.34,441.48,1429761
ITC,2024-03-06,440.03,443.98,436.35,441.65,1415980
ITC,2024-03-07,441.64,445.86,437.66,443.21,1417888
ITC,2024-03-08,443.82,449.39,441.67,445.78,1530122
ITC,2024-03-11,444.78,449.26,443.41,447.66,875946
ITC,2024-03-12,448.9,451.49,444.9,445.88,3638487
ITC,2024-03-13,444.66,452.65,443.08,450.43,542791
ITC,2024-03-14,449.1,457.74,445.21,455.19,3234006
ITC,2024-03-15,454.85,458.98,452.02,455.45,2967307
ITC,2024-03-18,457.02,460.54,454.78,457.61,3233057
ITC,2024-03-19,456.8,459.46,453.84,456.09,3609405
ITC,2024-03-20,454.37,459.55,450.37,456.75,3054296
ITC,2024-03-21,456.65,463.44,452.79,460.46,706705
ITC,2024-03-22,460.76,464.04,456.5,461.29,3300570
ITC,2024-03-25,461.22,466.32,457.62,462.14,3466918
ITC,2024-03-26,461.34,463.56,459.69,462.38,1553337
ITC,2024-03-27,461.57,471.08,458.72,469.42,3192604
ITC,2024-03-28,469.64,470.9,461.3,464.32,2734414
ITC,2024-03-29,464.46,468.64,461.55,465.64,3922414
ITC,2024-04-01,464.06,472.92,462.08,468.27,1620230
ITC,2024-04-02,469.46,471.46,465.95,468.88,3169553
ITC,2024-04-03,470.2,474.17,465.63,467.61,2866936
ITC,2024-04-04,468.33,471.71,465.25,467.86,2121583
ITC,2024-04-05,467.58,474.77,464.36,470.61,2910233
ITC,2024-04-08,472.45,475.95,462.14,465.75,3477514
ITC,2024-04-09,465.43,470.26,462.58,466.68,4097480
ITC,2024-04-10,467.73,470.07,459.15,462.86,1142303
ITC,2024-04-11,463.54,467.8,460.64,465.65,3314496
ITC,2024-04-12,467.11,468.44,457.07,460.65,3435470
ITC,2024-04-15,458.92,462.05,457.08,459.68,4455579
ITC,2024-04-16,458.5,465.07,456.1,463.82,3271923
ITC,2024-04-17,462.27,463.78,459.81,460.99,543714
ITC,2024-04-18,461.6,465.54,457.45,459.34,994388
ITC,2024-04-19,458.07,461.07,455.87,458.39,1591354
ITC,2024-04-22,460.19,463.19,452.25,454.26,1267658
ITC,2024-04-23,453.34,457.95,449.13,453.52,2893921
ITC,2024-04-24,453.89,458.33,452.33,456.88,4032393
ITC,2024-04-25,455.24,457.2,447.35,450.78,1614810
ITC,2024-04-26,449.89,452.87,445.54,451.81,3307635
ITC,2024-04-29,450.08,456.28,448.2,452.98,3573544
ITC,2024-04-30,454.4,458.88,449.8,453.57,2862648
ITC,2024-05-01,452.21,460.87,450.39,457.26,2780379
ITC,2024-05-02,458.81,460.79,451.74,453.79,4266941
ITC,2024-05-03,454.08,460.96,452.52,456.65,3766141
ITC,2024-05-06,455.51,458.55,453.66,455.0,2089520
